# Liu, Z. (1988). Optimization of spherical four-bar path generators.
0.7,0.7,0.141421
0.393329,0.892081,0.222449
0.0892059,0.892081,0.434581
-0.096204,0.710749,0.696790
-0.092081,0.406671,0.908922
0.1,0.1,0.989949
0.406671,-0.092081,0.908922
0.710794,-0.096204,0.696790
0.896204,0.0892059,0.434581
0.892081,0.393329,0.222449
0.827015,0.536801,0.167001
