# Liu, Z. (1988). Optimization of spherical four-bar path generators.
0.6,0,0.8
0.5082041,0.0026555,0.8612326
0.4090282,0.0231497,0.9122280
0.3282382,0.0645749,0.9423851
0.2605160,0.1181456,0.9582135
0.1875895,0.1875895,0.9641682
0.1181456,0.2605160,0.9582135
0.0645749,0.3282382,0.9423851
0.0231497,0.4090282,0.9122280
0.0026555,0.5082041,0.8612326
0,0.6,0.8
